index,mid,display_name
0,2,spk_0
1,10,spk_1
2,25,spk_2
3,44,spk_3
4,52,spk_4
5,58,spk_5
6,60,spk_6
7,63,spk_7
8,71,spk_8
9,102,spk_9
10,107,spk_10
11,109,spk_11
12,110,spk_12
13,111,spk_13
14,119,spk_14
15,127,spk_15
16,130,spk_16
17,133,spk_17
18,137,spk_18
19,138,spk_19
20,139,spk_20
21,176,spk_21
22,180,spk_22
23,185,spk_23
24,191,spk_24
25,202,spk_25
26,204,spk_26
27,206,spk_27
28,207,spk_28
29,211,spk_29
30,212,spk_30
31,214,spk_31
32,216,spk_32
33,217,spk_33
34,219,spk_34
35,220,spk_35
36,223,spk_36
37,224,spk_37
38,225,spk_38
39,226,spk_39
40,228,spk_40
41,232,spk_41
42,233,spk_42
43,235,spk_43
44,241,spk_44
45,243,spk_45
46,247,spk_46
47,248,spk_47
48,249,spk_48
49,251,spk_49
50,256,spk_50
51,274,spk_51
52,275,spk_52
53,291,spk_53
54,299,spk_54
55,300,spk_55
56,308,spk_56
57,311,spk_57
58,347,spk_58
59,356,spk_59
60,359,spk_60
61,360,spk_61
62,366,spk_62
63,367,spk_63
64,368,spk_64
65,369,spk_65
66,374,spk_66
67,379,spk_67
68,383,spk_68
69,384,spk_69
70,399,spk_70
71,401,spk_71
72,445,spk_72
73,473,spk_73
74,516,spk_74
